"CODE","NAME","MARKET"
20,"동화약품","KOSPI"
30,"우리은행","KOSPI"
40,"KR모터스","KOSPI"
50,"경방","KOSPI"
60,"메리츠화재","KOSPI"
70,"삼양홀딩스","KOSPI"
80,"하이트진로","KOSPI"
100,"유한양행","KOSPI"
120,"CJ대한통운","KOSPI"
140,"하이트진로홀딩스","KOSPI"
150,"두산","KOSPI"
180,"성창기업지주","KOSPI"
210,"대림산업","KOSPI"
220,"유유제약","KOSPI"
230,"일동홀딩스","KOSPI"
240,"한국타이어월드와이드","KOSPI"
250,"삼천당제약","KOSDAQ"
270,"기아차","KOSPI"
300,"대유플러스","KOSPI"
320,"노루홀딩스","KOSPI"
370,"한화손해보험","KOSPI"
390,"삼화페인트","KOSPI"
400,"롯데손해보험","KOSPI"
430,"대원강업","KOSPI"
440,"중앙에너비스","KOSDAQ"
480,"조선내화","KOSPI"
490,"대동공업","KOSPI"
500,"가온전선","KOSPI"
520,"삼일제약","KOSPI"
540,"흥국화재","KOSPI"
590,"CS홀딩스","KOSPI"
640,"동아쏘시오홀딩스","KOSPI"
650,"천일고속","KOSPI"
660,"SK하이닉스","KOSPI"
670,"영풍","KOSPI"
680,"LS네트웍스","KOSPI"
700,"유수홀딩스","KOSPI"
720,"현대건설","KOSPI"
760,"이화산업","KOSPI"
810,"삼성화재","KOSPI"
850,"화천기공","KOSPI"
860,"강남제비스코","KOSPI"
880,"한화","KOSPI"
890,"보해양조","KOSPI"
910,"유니온","KOSPI"
950,"전방","KOSPI"
970,"한국주철관","KOSPI"
990,"DB하이텍","KOSPI"
1000,"신라섬유","KOSDAQ"
1020,"페이퍼코리아","KOSPI"
1040,"CJ","KOSPI"
1060,"JW중외제약","KOSPI"
1070,"대한방직","KOSPI"
1080,"만호제강","KOSPI"
1120,"LG상사","KOSPI"
1130,"대한제분","KOSPI"
1140,"국보","KOSPI"
1200,"유진투자증권","KOSPI"
1210,"금호전기","KOSPI"
1230,"동국제강","KOSPI"
1250,"GS글로벌","KOSPI"
1260,"남광토건","KOSPI"
1270,"부국증권","KOSPI"
1290,"골든브릿지증권","KOSPI"
1340,"백광산업","KOSPI"
1360,"삼성제약","KOSPI"
1380,"SG충방","KOSPI"
1390,"KG케미칼","KOSPI"
1420,"태원물산","KOSPI"
1430,"세아베스틸","KOSPI"
1440,"대한전선","KOSPI"
1450,"현대해상","KOSPI"
1460,"BYC","KOSPI"
1470,"삼부토건","KOSPI"
1500,"현대차증권","KOSPI"
1510,"SK증권","KOSPI"
1520,"동양","KOSPI"
1530,"동일방직","KOSPI"
1540,"안국약품","KOSDAQ"
1550,"조비","KOSPI"
1560,"제일연마","KOSPI"
1570,"금양","KOSPI"
1620,"동국실업","KOSPI"
1630,"종근당홀딩스","KOSPI"
1680,"대상","KOSPI"
1720,"신영증권","KOSPI"
1740,"SK네트웍스","KOSPI"
1750,"한양증권","KOSPI"
1770,"신화실업","KOSPI"
1780,"알루코","KOSPI"
1790,"대한제당","KOSPI"
1800,"오리온홀딩스","KOSPI"
1810,"무림SP","KOSDAQ"
1820,"삼화콘덴서","KOSPI"
1840,"이화공영","KOSDAQ"
1880,"삼호","KOSPI"
1940,"KISCO홀딩스","KOSPI"
2000,"한국유리공업","KOSPI"
2020,"코오롱","KOSPI"
2030,"아세아","KOSPI"
2070,"남영비비안","KOSPI"
2100,"경농","KOSPI"
2140,"고려산업","KOSPI"
2150,"도화엔지니어링","KOSPI"
2170,"삼양통상","KOSPI"
2200,"수출포장","KOSPI"
2210,"동성제약","KOSPI"
2220,"한일철강","KOSPI"
2230,"피에스텍","KOSDAQ"
2240,"고려제강","KOSPI"
2250,"알보젠코리아","KOSPI"
2270,"롯데푸드","KOSPI"
2290,"삼일기업공사","KOSDAQ"
2300,"한국제지","KOSPI"
2310,"아세아제지","KOSPI"
2320,"한진","KOSPI"
2350,"넥센타이어","KOSPI"
2360,"SH에너지화학","KOSPI"
2380,"KCC","KOSPI"
2390,"한독","KOSPI"
2410,"범양건영","KOSPI"
2420,"세기상사","KOSPI"
2450,"삼익악기","KOSPI"
2460,"화성산업","KOSPI"
2550,"KB손해보험","KOSPI"
2600,"조흥","KOSPI"
2620,"제일파마홀딩스","KOSPI"
2630,"오리엔트바이오","KOSPI"
2680,"한탑","KOSDAQ"
2690,"동일제강","KOSPI"
2700,"신일산업","KOSPI"
2710,"TCC동양","KOSPI"
2720,"국제약품","KOSPI"
2760,"보락","KOSPI"
2780,"진흥기업","KOSPI"
2790,"아모레G","KOSPI"
2800,"신신제약","KOSDAQ"
2810,"삼영무역","KOSPI"
2820,"선창산업","KOSPI"
2840,"미원상사","KOSPI"
2870,"신풍제지","KOSPI"
2880,"대유에이텍","KOSPI"
2900,"동양물산","KOSPI"
2920,"유성기업","KOSPI"
2960,"한국쉘석유","KOSPI"
2990,"금호산업","KOSPI"
3000,"부광약품","KOSPI"
3010,"혜인","KOSPI"
3030,"세아제강지주","KOSPI"
3060,"에이프로젠제약","KOSPI"
3070,"코오롱글로벌","KOSPI"
3080,"성보화학","KOSPI"
3090,"대웅","KOSPI"
3100,"선광","KOSDAQ"
3120,"일성신약","KOSPI"
3160,"디아이","KOSPI"
3200,"일신방직","KOSPI"
3220,"대원제약","KOSPI"
3230,"삼양식품","KOSPI"
3240,"태광산업","KOSPI"
3280,"흥아해운","KOSPI"
3300,"한일홀딩스","KOSPI"
3310,"대주산업","KOSDAQ"
3350,"한국화장품제조","KOSPI"
3380,"하림지주","KOSDAQ"
3410,"쌍용양회","KOSPI"
3460,"유화증권","KOSPI"
3470,"유안타증권","KOSPI"
3480,"한진중공업홀딩스","KOSPI"
3490,"대한항공","KOSPI"
3520,"영진약품","KOSPI"
3530,"한화투자증권","KOSPI"
3540,"대신증권","KOSPI"
3550,"LG","KOSPI"
3560,"IHQ","KOSPI"
3570,"S&T중공업","KOSPI"
3580,"넥스트사이언스","KOSPI"
3610,"방림","KOSPI"
3620,"쌍용차","KOSPI"
3650,"미창석유","KOSPI"
3670,"포스코켐텍","KOSDAQ"
3680,"한성기업","KOSPI"
3690,"코리안리","KOSPI"
3720,"삼영화학","KOSPI"
3780,"진양산업","KOSPI"
3800,"에이스침대","KOSDAQ"
3830,"대한화섬","KOSPI"
3850,"보령제약","KOSPI"
3920,"남양유업","KOSPI"
3960,"사조대림","KOSPI"
4000,"롯데정밀화학","KOSPI"
4020,"현대제철","KOSPI"
4060,"SG세계물산","KOSPI"
4080,"신흥","KOSPI"
4090,"한국석유","KOSPI"
4100,"태양금속","KOSPI"
4130,"대덕GDS","KOSPI"
4140,"동방","KOSPI"
4150,"한솔홀딩스","KOSPI"
4170,"신세계","KOSPI"
4200,"고려개발","KOSPI"
4250,"NPC","KOSPI"
4270,"남성","KOSPI"
4310,"현대약품","KOSPI"
4360,"세방","KOSPI"
4370,"농심","KOSPI"
4380,"삼익THK","KOSPI"
4410,"서울식품","KOSPI"
4430,"송원산업","KOSPI"
4440,"대림씨엔에스","KOSPI"
4450,"삼화왕관","KOSPI"
4490,"세방전지","KOSPI"
4540,"깨끗한나라","KOSPI"
4560,"현대비앤지스틸","KOSPI"
4590,"한국가구","KOSDAQ"
4650,"창해에탄올","KOSDAQ"
4690,"삼천리","KOSPI"
4700,"조광피혁","KOSPI"
4710,"한솔테크닉스","KOSPI"
4720,"우리들제약","KOSPI"
4740,"보루네오가구","KOSPI"
4770,"써니전자","KOSPI"
4780,"대륙제관","KOSDAQ"
4800,"효성","KOSPI"
4830,"덕성","KOSPI"
4840,"DRB동일","KOSPI"
4870,"티웨이홀딩스","KOSPI"
4890,"동일산업","KOSPI"
4910,"조광페인트","KOSPI"
4920,"씨아이테크","KOSPI"
4960,"한신공영","KOSPI"
4970,"신라교역","KOSPI"
4980,"성신양회","KOSPI"
4990,"롯데지주","KOSPI"
5010,"휴스틸","KOSPI"
5030,"부산주공","KOSPI"
5070,"코스모신소재","KOSPI"
5090,"삼광글라스","KOSPI"
5110,"한창","KOSPI"
5160,"동국산업","KOSDAQ"
5180,"빙그레","KOSPI"
5190,"동성화학","KOSPI"
5250,"녹십자홀딩스","KOSPI"
5290,"동진쎄미켐","KOSDAQ"
5300,"롯데칠성","KOSPI"
5320,"국동","KOSPI"
5360,"모나미","KOSPI"
5380,"현대차","KOSPI"
5390,"신성통상","KOSPI"
5420,"코스모화학","KOSPI"
5430,"한국공항","KOSPI"
5440,"현대그린푸드","KOSPI"
5450,"신한","KOSPI"
5490,"POSCO","KOSPI"
5500,"삼진제약","KOSPI"
5610,"SPC삼립","KOSPI"
5620,"대성합동지주","KOSPI"
5670,"푸드웰","KOSDAQ"
5680,"삼영전자","KOSPI"
5690,"파미셀","KOSPI"
5710,"대원산업","KOSDAQ"
5720,"넥센","KOSPI"
5740,"크라운해태홀딩스","KOSPI"
5750,"대림B&Co","KOSPI"
5800,"신영와코루","KOSPI"
5810,"풍산홀딩스","KOSPI"
5820,"원림","KOSPI"
5830,"DB손해보험","KOSPI"
5850,"에스엘","KOSPI"
5860,"한일사료","KOSDAQ"
5870,"휴니드","KOSPI"
5880,"대한해운","KOSPI"
5930,"삼성전자","KOSPI"
5940,"NH투자증권","KOSPI"
5950,"이수화학","KOSPI"
5960,"동부건설","KOSPI"
5980,"성지건설","KOSPI"
5990,"매일홀딩스","KOSDAQ"
6040,"동원산업","KOSPI"
6050,"국영지앤엠","KOSDAQ"
6060,"화승인더","KOSPI"
6090,"사조오양","KOSPI"
6110,"삼아알미늄","KOSPI"
6120,"SK디스커버리","KOSPI"
6140,"피제이전자","KOSDAQ"
6200,"한국전자홀딩스","KOSPI"
6220,"제주은행","KOSPI"
6260,"LS","KOSPI"
6280,"녹십자","KOSPI"
6340,"대원전선","KOSPI"
6360,"GS건설","KOSPI"
6370,"대구백화점","KOSPI"
6380,"카프로","KOSPI"
6390,"한일현대시멘트","KOSPI"
6400,"삼성SDI","KOSPI"
6490,"인스코비","KOSPI"
6570,"대림통상","KOSPI"
6580,"대양제지","KOSDAQ"
6620,"동구바이오제약","KOSDAQ"
6650,"대한유화","KOSPI"
6660,"삼성공조","KOSPI"
6730,"서부T&D","KOSDAQ"
6740,"영풍제지","KOSPI"
6800,"미래에셋대우","KOSPI"
6840,"AK홀딩스","KOSPI"
6880,"신송홀딩스","KOSPI"
6890,"태경화학","KOSPI"
6910,"보성파워텍","KOSDAQ"
6920,"모헨즈","KOSDAQ"
6980,"우성사료","KOSPI"
7070,"GS리테일","KOSPI"
7110,"일신석재","KOSPI"
7120,"미래아이앤지","KOSPI"
7160,"사조산업","KOSPI"
7210,"벽산","KOSPI"
7280,"한국특수형강","KOSPI"
7310,"오뚜기","KOSPI"
7330,"푸른저축은행","KOSDAQ"
7340,"디티알오토모티브","KOSPI"
7370,"진양제약","KOSDAQ"
7390,"네이처셀","KOSDAQ"
7460,"에이프로젠 KIC","KOSPI"
7530,"영신금속","KOSDAQ"
7540,"샘표","KOSPI"
7570,"일양약품","KOSPI"
7590,"동방아그로","KOSPI"
7610,"선도전기","KOSPI"
7630,"폴루스바이오팜","KOSPI"
7660,"이수페타시스","KOSPI"
7680,"대원","KOSDAQ"
7690,"국도화학","KOSPI"
7700,"F&F","KOSPI"
7720,"대명코퍼레이션","KOSDAQ"
7770,"한일화학","KOSDAQ"
7810,"코리아써키트","KOSPI"
7820,"에스엠코어","KOSDAQ"
7860,"서연","KOSPI"
7980,"태평양물산","KOSPI"
8000,"도레이케미칼","KOSPI"
8040,"사조동아원","KOSPI"
8060,"대덕전자","KOSPI"
8110,"대동전자","KOSPI"
8250,"이건산업","KOSPI"
8260,"NI스틸","KOSPI"
8290,"원풍물산","KOSDAQ"
8350,"남선알미늄","KOSPI"
8370,"원풍","KOSDAQ"
8420,"문배철강","KOSPI"
8470,"부스타","KOSDAQ"
8490,"서흥","KOSPI"
8500,"일정실업","KOSPI"
8560,"메리츠종금증권","KOSPI"
8600,"윌비스","KOSPI"
8700,"아남전자","KOSPI"
8730,"율촌화학","KOSPI"
8770,"호텔신라","KOSPI"
8800,"스튜디오썸머","KOSDAQ"
8830,"대동기어","KOSDAQ"
8870,"금비","KOSPI"
8930,"한미사이언스","KOSPI"
8970,"동양철관","KOSPI"
9070,"KCTC","KOSPI"
9140,"경인전자","KOSPI"
9150,"삼성전기","KOSPI"
9160,"SIMPAC","KOSPI"
9180,"한솔로지스틱스","KOSPI"
9190,"대양금속","KOSPI"
9200,"무림페이퍼","KOSPI"
9240,"한샘","KOSPI"
9270,"신원","KOSPI"
9290,"광동제약","KOSPI"
9300,"삼아제약","KOSDAQ"
9310,"참엔지니어링","KOSPI"
9320,"대우부품","KOSPI"
9410,"태영건설","KOSPI"
9420,"한올바이오파마","KOSPI"
9440,"KC그린홀딩스","KOSPI"
9450,"경동나비엔","KOSPI"
9460,"한창제지","KOSPI"
9470,"삼화전기","KOSPI"
9520,"포스코엠텍","KOSDAQ"
9540,"현대중공업","KOSPI"
9580,"무림P&P","KOSPI"
9620,"삼보산업","KOSDAQ"
9680,"모토닉","KOSPI"
9730,"코센","KOSDAQ"
9770,"삼정펄프","KOSPI"
9780,"엠에스씨","KOSDAQ"
9810,"엔케이물산","KOSPI"
9830,"한화케미칼","KOSPI"
9970,"영원무역홀딩스","KOSPI"
10040,"한국내화","KOSPI"
10050,"우리종금","KOSPI"
10060,"OCI","KOSPI"
10100,"한국프랜지","KOSPI"
10120,"LS산전","KOSPI"
10130,"고려아연","KOSPI"
10140,"삼성중공업","KOSPI"
10170,"대한광통신","KOSDAQ"
10240,"흥국","KOSDAQ"
10280,"쌍용정보통신","KOSDAQ"
10400,"우진아이엔에스","KOSPI"
10420,"한솔PNS","KOSPI"
10470,"오리콤","KOSDAQ"
10580,"지코","KOSPI"
10600,"웰바이오텍","KOSPI"
10620,"현대미포조선","KOSPI"
10640,"진양폴리","KOSPI"
10660,"화천기계","KOSPI"
10690,"화신","KOSPI"
10770,"평화홀딩스","KOSPI"
10780,"아이에스동서","KOSPI"
10820,"퍼스텍","KOSPI"
10950,"S-Oil","KOSPI"
10960,"삼호개발","KOSPI"
11000,"진원생명과학","KOSPI"
11040,"경동제약","KOSDAQ"
11070,"LG이노텍","KOSPI"
11080,"형지I&C","KOSDAQ"
11090,"에넥스","KOSPI"
11150,"CJ씨푸드","KOSPI"
11160,"두산건설","KOSPI"
11170,"롯데케미칼","KOSPI"
11200,"현대상선","KOSPI"
11210,"현대위아","KOSPI"
11230,"삼화전자","KOSPI"
11280,"태림포장","KOSPI"
11300,"성안","KOSPI"
11320,"유니크","KOSDAQ"
11330,"유니켐","KOSPI"
11370,"서한","KOSDAQ"
11390,"부산산업","KOSPI"
11420,"갤럭시아에스엠","KOSPI"
11500,"한농화성","KOSPI"
11560,"세보엠이씨","KOSDAQ"
11690,"유양디앤유","KOSPI"
11700,"한신기계","KOSPI"
11760,"현대상사","KOSPI"
11780,"금호석유","KOSPI"
11790,"SKC","KOSPI"
11810,"STX","KOSPI"
11930,"신성이엔지","KOSPI"
12030,"DB","KOSPI"
12160,"영흥철강","KOSPI"
12170,"키위미디어그룹","KOSPI"
12200,"계양전기","KOSPI"
12280,"영화금속","KOSPI"
12320,"경동인베스트","KOSPI"
12330,"현대모비스","KOSPI"
12340,"뉴인텍","KOSDAQ"
12450,"한화에어로스페이스","KOSPI"
12510,"더존비즈온","KOSPI"
12600,"청호컴넷","KOSPI"
12610,"경인양행","KOSPI"
12620,"원일특강","KOSDAQ"
12630,"HDC","KOSPI"
12690,"모나리자","KOSPI"
12700,"리드코프","KOSDAQ"
12750,"에스원","KOSPI"
12790,"신일제약","KOSDAQ"
12800,"대창","KOSPI"
12860,"서연전자","KOSDAQ"
13000,"세우글로벌","KOSPI"
13030,"하이록코리아","KOSDAQ"
13120,"동원개발","KOSDAQ"
13310,"아진산업","KOSDAQ"
13360,"일성건설","KOSPI"
13520,"화승알앤에이","KOSPI"
13570,"디와이","KOSPI"
13580,"계룡건설","KOSPI"
13700,"까뮤이앤씨","KOSPI"
13720,"청보산업","KOSDAQ"
13810,"스페코","KOSDAQ"
13870,"지엠비코리아","KOSPI"
13990,"아가방컴퍼니","KOSDAQ"
14100,"보령메디앙스","KOSDAQ"
14130,"한익스프레스","KOSPI"
14160,"대영포장","KOSPI"
14190,"원익큐브","KOSDAQ"
14200,"광림","KOSDAQ"
14280,"금강공업","KOSPI"
14440,"영보화학","KOSPI"
14470,"부방","KOSDAQ"
14530,"극동유화","KOSPI"
14570,"고려제약","KOSDAQ"
14580,"백광소재","KOSPI"
14620,"성광벤드","KOSDAQ"
14680,"한솔케미칼","KOSPI"
14710,"사조씨푸드","KOSPI"
14790,"한라","KOSPI"
14820,"동원시스템즈","KOSPI"
14830,"유니드","KOSPI"
14910,"성문전자","KOSPI"
14940,"오리엔탈정공","KOSDAQ"
14970,"삼륭물산","KOSDAQ"
14990,"인디에프","KOSPI"
15020,"이스타코","KOSPI"
15230,"대창단조","KOSPI"
15260,"에이엔피","KOSPI"
15350,"부산가스","KOSPI"
15360,"예스코홀딩스","KOSPI"
15540,"메디파트너생명공학","KOSPI"
15590,"큐로","KOSPI"
15710,"코콤","KOSDAQ"
15750,"성우하이텍","KOSDAQ"
15760,"한국전력","KOSPI"
15860,"일진홀딩스","KOSPI"
15890,"태경산업","KOSPI"
16090,"대현","KOSPI"
16100,"리더스코스메틱","KOSDAQ"
16170,"카카오M","KOSDAQ"
16250,"이테크건설","KOSDAQ"
16360,"삼성증권","KOSPI"
16380,"동부제철","KOSPI"
16450,"한세예스24홀딩스","KOSPI"
16580,"환인제약","KOSPI"
16590,"신대양제지","KOSPI"
16600,"큐캐피탈","KOSDAQ"
16610,"DB금융투자","KOSPI"
16670,"포비스티앤씨","KOSDAQ"
16710,"대성홀딩스","KOSPI"
16740,"두올","KOSPI"
16790,"현대사료","KOSDAQ"
16800,"퍼시스","KOSPI"
16880,"웅진","KOSPI"
16920,"카스","KOSDAQ"
17000,"신원종합개발","KOSDAQ"
17040,"광명전기","KOSPI"
17180,"명문제약","KOSPI"
17250,"인터엠","KOSDAQ"
17370,"우신시스템","KOSPI"
17390,"서울가스","KOSPI"
17480,"삼현철강","KOSDAQ"
17510,"세명전기","KOSDAQ"
17550,"수산중공업","KOSPI"
17650,"대림제지","KOSDAQ"
17670,"SK텔레콤","KOSPI"
17680,"데코앤이","KOSDAQ"
17800,"현대엘리베이","KOSPI"
17810,"풀무원","KOSPI"
17890,"한국알콜","KOSDAQ"
17900,"광전자","KOSPI"
17940,"E1","KOSPI"
17960,"한국카본","KOSPI"
18000,"유니슨","KOSDAQ"
18120,"진로발효","KOSDAQ"
18250,"애경산업","KOSPI"
18260,"삼성에스디에스","KOSPI"
18290,"지엠피","KOSDAQ"
18310,"삼목에스폼","KOSDAQ"
18470,"조일알미늄","KOSPI"
18500,"동원금속","KOSPI"
18620,"우진비앤지","KOSDAQ"
18670,"SK가스","KOSPI"
18680,"서울제약","KOSDAQ"
18700,"바른손","KOSDAQ"
18880,"한온시스템","KOSPI"
19010,"그랜드백화점","KOSDAQ"
19170,"신풍제약","KOSPI"
19180,"티에이치엔","KOSPI"
19210,"와이지-원","KOSDAQ"
19440,"세아특수강","KOSPI"
19490,"하이트론","KOSPI"
19540,"일지테크","KOSDAQ"
19550,"SBI인베스트먼트","KOSDAQ"
19570,"제미니투자","KOSDAQ"
19590,"엠벤처투자","KOSDAQ"
19660,"글로본","KOSDAQ"
19680,"대교","KOSPI"
19770,"서연탑메탈","KOSDAQ"
19990,"에너토크","KOSDAQ"
20000,"한섬","KOSPI"
20120,"키다리스튜디오","KOSPI"
20150,"일진머티리얼즈","KOSPI"
20180,"대신정보통신","KOSDAQ"
20400,"대동금속","KOSDAQ"
20560,"아시아나항공","KOSPI"
20710,"시공테크","KOSDAQ"
20760,"일진디스플","KOSPI"
21040,"대호피앤씨","KOSDAQ"
21050,"서원","KOSPI"
21080,"에이티넘인베스트","KOSDAQ"
21240,"코웨이","KOSPI"
21320,"KCC건설","KOSDAQ"
21650,"한국큐빅","KOSDAQ"
21820,"세원정공","KOSPI"
21880,"메이슨캐피탈","KOSDAQ"
21960,"KB캐피탈","KOSPI"
22100,"포스코 ICT","KOSDAQ"
22220,"정산애강","KOSDAQ"
23000,"삼원강재","KOSPI"
23150,"MH에탄올","KOSPI"
23160,"태광","KOSDAQ"
23350,"한국종합기술","KOSPI"
23410,"유진기업","KOSDAQ"
23430,"아이이","KOSDAQ"
23440,"제일제강","KOSDAQ"
23450,"동남합성","KOSPI"
23460,"CNH","KOSDAQ"
23530,"롯데쇼핑","KOSPI"
23590,"다우기술","KOSPI"
23600,"삼보판지","KOSDAQ"
23760,"한국캐피탈","KOSDAQ"
23770,"플레이위드","KOSDAQ"
23790,"동일철강","KOSDAQ"
23800,"인지컨트롤스","KOSPI"
23810,"인팩","KOSPI"
23890,"아트라스BX","KOSDAQ"
23900,"풍국주정","KOSDAQ"
23910,"대한약품","KOSDAQ"
23960,"에쓰씨엔지니어링","KOSPI"
24060,"흥구석유","KOSDAQ"
24070,"WISCOM","KOSPI"
24090,"디씨엠","KOSPI"
24110,"기업은행","KOSPI"
24120,"KB오토시스","KOSDAQ"
24660,"하림홀딩스","KOSDAQ"
24720,"한국콜마홀딩스","KOSPI"
24740,"한일단조","KOSDAQ"
24800,"유성티엔에스","KOSDAQ"
24810,"이화전기","KOSDAQ"
24830,"세원물산","KOSDAQ"
24840,"갑을메탈","KOSDAQ"
24850,"피에스엠씨","KOSDAQ"
24880,"케이피에프","KOSDAQ"
24890,"대원화성","KOSPI"
24900,"덕양산업","KOSPI"
24910,"경창산업","KOSDAQ"
24940,"PN풍년","KOSDAQ"
24950,"삼천리자전거","KOSDAQ"
25000,"KPX케미칼","KOSPI"
25320,"시노펙스","KOSDAQ"
25440,"대성엘텍","KOSDAQ"
25530,"SJM홀딩스","KOSPI"
25540,"한국단자","KOSPI"
25550,"한국선재","KOSDAQ"
25560,"미래산업","KOSPI"
25620,"제이준코스메틱","KOSPI"
25750,"한솔홈데코","KOSPI"
25770,"한국정보통신","KOSDAQ"
25820,"이구산업","KOSPI"
25860,"남해화학","KOSPI"
25870,"신라에스지","KOSDAQ"
25880,"케이씨피드","KOSDAQ"
25890,"한국주강","KOSPI"
25900,"동화기업","KOSDAQ"
25950,"동신건설","KOSDAQ"
25980,"아난티","KOSDAQ"
26040,"제이에스티나","KOSDAQ"
26150,"특수건설","KOSDAQ"
26180,"현대정보기술","KOSDAQ"
26260,"위너지스","KOSDAQ"
26890,"디피씨","KOSPI"
26910,"광진실업","KOSDAQ"
26940,"부국철강","KOSPI"
26960,"동서","KOSPI"
27040,"서울전자통신","KOSDAQ"
27050,"코리아나","KOSDAQ"
27360,"아주IB투자","KOSDAQ"
27390,"한화갤러리아타임월드","KOSPI"
27410,"BGF","KOSPI"
27580,"상보","KOSDAQ"
27710,"팜스토리","KOSDAQ"
27740,"마니커","KOSPI"
27830,"대성창투","KOSDAQ"
27970,"세하","KOSPI"
28040,"미래SCI","KOSDAQ"
28050,"삼성엔지니어링","KOSPI"
28080,"휴맥스홀딩스","KOSDAQ"
28100,"동아지질","KOSPI"
28150,"GS홈쇼핑","KOSDAQ"
28260,"삼성물산","KOSPI"
28300,"에이치엘비","KOSDAQ"
28670,"팬오션","KOSPI"
29460,"케이씨","KOSPI"
29480,"바른테크놀로지","KOSDAQ"
29530,"신도리코","KOSPI"
29780,"삼성카드","KOSPI"
29960,"코엔텍","KOSDAQ"
30000,"제일기획","KOSPI"
30190,"NICE평가정보","KOSDAQ"
30200,"KT","KOSPI"
30210,"KTB투자증권","KOSPI"
30270,"에스마크","KOSDAQ"
30350,"드래곤플라이","KOSDAQ"
30520,"한글과컴퓨터","KOSDAQ"
30530,"원익홀딩스","KOSDAQ"
30610,"교보증권","KOSPI"
30720,"동원수산","KOSPI"
30790,"동양네트웍스","KOSPI"
30960,"양지사","KOSDAQ"
31310,"아이즈비전","KOSDAQ"
31330,"에스에이엠티","KOSDAQ"
31390,"녹십자셀","KOSDAQ"
31430,"신세계인터내셔날","KOSPI"
31440,"신세계푸드","KOSPI"
31510,"오스템","KOSDAQ"
31820,"콤텍시스템","KOSPI"
31860,"엔에스엔","KOSDAQ"
31980,"피에스케이홀딩스","KOSDAQ"
32040,"C&S자산관리","KOSDAQ"
32080,"아즈텍WB","KOSDAQ"
32190,"다우데이타","KOSDAQ"
32280,"삼일","KOSDAQ"
32350,"롯데관광개발","KOSPI"
32500,"케이엠더블유","KOSDAQ"
32540,"TJ미디어","KOSDAQ"
32560,"황금에스티","KOSPI"
32580,"피델릭스","KOSDAQ"
32620,"유비케어","KOSDAQ"
32640,"LG유플러스","KOSPI"
32680,"소프트센","KOSDAQ"
32750,"삼진","KOSDAQ"
32790,"엠젠플러스","KOSDAQ"
32800,"판타지오","KOSDAQ"
32820,"우리기술","KOSDAQ"
32830,"삼성생명","KOSPI"
32850,"비트컴퓨터","KOSDAQ"
32860,"GMR 머티리얼즈","KOSDAQ"
32940,"원익","KOSDAQ"
32960,"동일기연","KOSDAQ"
32980,"바이온","KOSDAQ"
33050,"제이엠아이","KOSDAQ"
33100,"제룡전기","KOSDAQ"
33110,"이디","KOSDAQ"
33130,"디지틀조선","KOSDAQ"
33160,"엠케이전자","KOSDAQ"
33170,"시그네틱스","KOSDAQ"
33180,"필룩스","KOSPI"
33200,"모아텍","KOSDAQ"
33230,"인성정보","KOSDAQ"
33240,"자화전자","KOSPI"
33250,"체시스","KOSPI"
33270,"유나이티드제약","KOSPI"
33290,"코웰패션","KOSDAQ"
33310,"디케이디앤아이","KOSDAQ"
33320,"제이씨현시스템","KOSDAQ"
33340,"좋은사람들","KOSDAQ"
33430,"디에스티","KOSDAQ"
33500,"동성화인텍","KOSDAQ"
33530,"세종공업","KOSPI"
33540,"파라텍","KOSDAQ"
33560,"블루콤","KOSDAQ"
33600,"에이코넬","KOSDAQ"
33640,"네패스","KOSDAQ"
33660,"아주캐피탈","KOSPI"
33780,"KT&G","KOSPI"
33790,"스카이문스테크놀로지","KOSDAQ"
33830,"티비씨","KOSDAQ"
33920,"무학","KOSPI"
34020,"두산중공업","KOSPI"
34120,"SBS","KOSPI"
34220,"LG디스플레이","KOSPI"
34230,"파라다이스","KOSDAQ"
34300,"신세계건설","KOSPI"
34310,"NICE","KOSPI"
34590,"인천도시가스","KOSPI"
34730,"SK","KOSPI"
34810,"해성산업","KOSDAQ"
34830,"한국토지신탁","KOSPI"
34940,"조아제약","KOSDAQ"
34950,"한국기업평가","KOSDAQ"
35000,"지투알","KOSPI"
35080,"인터파크홀딩스","KOSDAQ"
35150,"백산","KOSPI"
35200,"프럼파스트","KOSDAQ"
35250,"강원랜드","KOSPI"
35290,"더블유에프엠","KOSDAQ"
35420,"NAVER","KOSPI"
35460,"기산텔레콤","KOSDAQ"
35480,"제이테크놀로지","KOSDAQ"
35510,"신세계 I&C","KOSPI"
35600,"KG이니시스","KOSDAQ"
35610,"솔본","KOSDAQ"
35620,"바른손이앤에이","KOSDAQ"
35720,"카카오","KOSPI"
35760,"CJ ENM","KOSDAQ"
35810,"이지바이오","KOSDAQ"
35890,"서희건설","KOSDAQ"
35900,"JYP Ent.","KOSDAQ"
36000,"예림당","KOSDAQ"
36010,"아비코전자","KOSDAQ"
36030,"KTH","KOSDAQ"
36090,"위지트","KOSDAQ"
36120,"SCI평가정보","KOSDAQ"
36170,"씨티젠","KOSDAQ"
36180,"영인프런티어","KOSDAQ"
36190,"금화피에스시","KOSDAQ"
36200,"유니셈","KOSDAQ"
36260,"이매진아시아","KOSDAQ"
36420,"제이콘텐트리","KOSDAQ"
36460,"한국가스공사","KOSPI"
36480,"대성미생물","KOSDAQ"
36490,"SK머티리얼즈","KOSDAQ"
36530,"S&T홀딩스","KOSPI"
36540,"SFA반도체","KOSDAQ"
36560,"영풍정밀","KOSDAQ"
36570,"엔씨소프트","KOSPI"
36580,"팜스코","KOSPI"
36620,"버추얼텍","KOSDAQ"
36630,"세종텔레콤","KOSDAQ"
36640,"HRS","KOSDAQ"
36670,"KCI","KOSDAQ"
36690,"코맥스","KOSDAQ"
36710,"심텍홀딩스","KOSDAQ"
36800,"나이스정보통신","KOSDAQ"
36810,"에프에스티","KOSDAQ"
36830,"솔브레인","KOSDAQ"
36890,"진성티이씨","KOSDAQ"
36930,"주성엔지니어링","KOSDAQ"
37030,"파워넷","KOSDAQ"
37070,"파세코","KOSDAQ"
37230,"한국팩키지","KOSDAQ"
37270,"YG PLUS","KOSPI"
37330,"인지디스플레","KOSDAQ"
37350,"성도이엔지","KOSDAQ"
37370,"EG","KOSDAQ"
37400,"우리조명","KOSDAQ"
37440,"희림","KOSDAQ"
37460,"삼지전자","KOSDAQ"
37560,"CJ헬로","KOSPI"
37710,"광주신세계","KOSPI"
37760,"쎄니트","KOSDAQ"
37950,"엘컴텍","KOSDAQ"
38010,"제일테크노스","KOSDAQ"
38060,"루멘스","KOSDAQ"
38070,"서린바이오","KOSDAQ"
38110,"에코플라스틱","KOSDAQ"
38160,"팍스넷","KOSDAQ"
38290,"마크로젠","KOSDAQ"
38340,"UCI","KOSDAQ"
38390,"레드캡투어","KOSDAQ"
38460,"바이오스마트","KOSDAQ"
38500,"삼표시멘트","KOSDAQ"
38530,"골드퍼시픽","KOSDAQ"
38540,"상상인","KOSDAQ"
38620,"위즈코프","KOSDAQ"
38680,"에스넷","KOSDAQ"
38870,"에코바이오","KOSDAQ"
38880,"아이에이","KOSDAQ"
38950,"파인디지털","KOSDAQ"
39010,"현대통신","KOSDAQ"
39020,"이건홀딩스","KOSDAQ"
39030,"이오테크닉스","KOSDAQ"
39130,"하나투어","KOSPI"
39200,"오스코텍","KOSDAQ"
39230,"에이아이비트","KOSDAQ"
39240,"경남스틸","KOSDAQ"
39290,"인포뱅크","KOSDAQ"
39310,"세중","KOSDAQ"
39340,"한국경제TV","KOSDAQ"
39420,"케이엘넷","KOSDAQ"
39440,"에스티아이","KOSDAQ"
39490,"키움증권","KOSPI"
39560,"다산네트웍스","KOSDAQ"
39570,"HDC아이콘트롤스","KOSPI"
39610,"화성밸브","KOSDAQ"
39670,"한류타임즈","KOSDAQ"
39740,"한국정보공학","KOSDAQ"
39790,"위노바","KOSDAQ"
39830,"오로라","KOSDAQ"
39840,"디오","KOSDAQ"
39860,"나노엔텍","KOSDAQ"
39980,"리노스","KOSDAQ"
40160,"누리텔레콤","KOSDAQ"
40300,"YTN","KOSDAQ"
40350,"큐로컴","KOSDAQ"
40420,"정상제이엘에스","KOSDAQ"
40610,"SG&G","KOSDAQ"
40910,"아이씨디","KOSDAQ"
41020,"인프라웨어","KOSDAQ"
41140,"넥슨지티","KOSDAQ"
41190,"우리기술투자","KOSDAQ"
41440,"에버다임","KOSDAQ"
41460,"한국전자인증","KOSDAQ"
41510,"에스엠","KOSDAQ"
41520,"이라이콤","KOSDAQ"
41590,"에너전트","KOSDAQ"
41650,"상신브레이크","KOSPI"
41830,"인바디","KOSDAQ"
41910,"에스텍파마","KOSDAQ"
41920,"메디아나","KOSDAQ"
41930,"동아화성","KOSDAQ"
41960,"코미팜","KOSDAQ"
42000,"카페24","KOSDAQ"
42040,"케이피엠테크","KOSDAQ"
42110,"에스씨디","KOSDAQ"
42370,"비츠로테크","KOSDAQ"
42420,"네오위즈홀딩스","KOSDAQ"
42500,"링네트","KOSDAQ"
42510,"라온시큐어","KOSDAQ"
42520,"한스바이오메드","KOSDAQ"
42600,"새로닉스","KOSDAQ"
42660,"대우조선해양","KOSPI"
42670,"두산인프라코어","KOSPI"
42700,"한미반도체","KOSPI"
42940,"상지카일룸","KOSDAQ"
43090,"팜스웰바이오","KOSDAQ"
43100,"솔고바이오","KOSDAQ"
43150,"바텍","KOSDAQ"
43200,"파루","KOSDAQ"
43220,"에이치엘비파워","KOSDAQ"
43260,"성호전자","KOSDAQ"
43290,"케이맥","KOSDAQ"
43340,"에쎈테크","KOSDAQ"
43360,"디지아이","KOSDAQ"
43370,"평화정공","KOSDAQ"
43580,"에임하이","KOSDAQ"
43590,"크로바하이텍","KOSDAQ"
43610,"지니뮤직","KOSDAQ"
43650,"국순당","KOSDAQ"
43710,"서울리거","KOSDAQ"
43910,"자연과환경","KOSDAQ"
44060,"조광ILI","KOSDAQ"
44180,"KD건설","KOSDAQ"
44340,"위닉스","KOSDAQ"
44380,"주연테크","KOSPI"
44450,"KSS해운","KOSPI"
44480,"바이오제네틱스","KOSDAQ"
44490,"태웅","KOSDAQ"
44780,"에이치케이","KOSDAQ"
44820,"코스맥스비티아이","KOSPI"
44960,"이글벳","KOSDAQ"
45060,"오공","KOSDAQ"
45100,"한양이엔지","KOSDAQ"
45300,"성우테크론","KOSDAQ"
45340,"토탈소프트","KOSDAQ"
45390,"대아티아이","KOSDAQ"
45510,"정원엔시스","KOSDAQ"
45520,"크린앤사이언스","KOSDAQ"
45660,"에이텍","KOSDAQ"
45890,"GV","KOSDAQ"
45970,"코아시아","KOSDAQ"
46070,"코다코","KOSDAQ"
46110,"한일네트웍스","KOSDAQ"
46120,"오르비텍","KOSDAQ"
46140,"SBS콘텐츠허브","KOSDAQ"
46210,"파나진","KOSDAQ"
46310,"백금T&A","KOSDAQ"
46390,"삼화네트웍스","KOSDAQ"
46440,"KG모빌리언스","KOSDAQ"
46890,"서울반도체","KOSDAQ"
46940,"우원개발","KOSDAQ"
46970,"우리로","KOSDAQ"
47040,"대우건설","KOSPI"
47050,"포스코대우","KOSPI"
47080,"한빛소프트","KOSDAQ"
47310,"파워로직스","KOSDAQ"
47400,"유니온머티리얼","KOSPI"
47440,"레이젠","KOSDAQ"
47560,"이스트소프트","KOSDAQ"
47770,"코데즈컴바인","KOSDAQ"
47810,"한국항공우주","KOSPI"
47820,"초록뱀","KOSDAQ"
47920,"씨트리","KOSDAQ"
48260,"오스템임플란트","KOSDAQ"
48410,"현대바이오","KOSDAQ"
48430,"유라테크","KOSDAQ"
48470,"대동스틸","KOSDAQ"
48530,"인트론바이오","KOSDAQ"
48550,"SM C&C","KOSDAQ"
48770,"TPC","KOSDAQ"
48830,"엔피케이","KOSDAQ"
48870,"시너지이노베이션","KOSDAQ"
48910,"대원미디어","KOSDAQ"
49070,"인탑스","KOSDAQ"
49080,"기가레인","KOSDAQ"
49120,"파인디앤씨","KOSDAQ"
49180,"셀루메드","KOSDAQ"
49430,"코메론","KOSDAQ"
49470,"SGA","KOSDAQ"
49480,"오픈베이스","KOSDAQ"
49520,"유아이엘","KOSDAQ"
49550,"잉크테크","KOSDAQ"
49630,"재영솔루텍","KOSDAQ"
49720,"고려신용정보","KOSDAQ"
49770,"동원F&B","KOSPI"
49800,"우진플라임","KOSPI"
49830,"승일","KOSDAQ"
49950,"미래컴퍼니","KOSDAQ"
49960,"쎌바이오텍","KOSDAQ"
50090,"휘닉스소재","KOSDAQ"
50110,"캠시스","KOSDAQ"
50120,"라이브플렉스","KOSDAQ"
50320,"에이앤티앤","KOSDAQ"
50540,"한국코퍼레이션","KOSDAQ"
50760,"에스폴리텍","KOSDAQ"
50860,"아세아텍","KOSDAQ"
50890,"쏠리드","KOSDAQ"
50960,"수산아이앤티","KOSDAQ"
51160,"지어소프트","KOSDAQ"
51170,"썬코어","KOSDAQ"
51360,"토비스","KOSDAQ"
51370,"인터플렉스","KOSDAQ"
51380,"피씨디렉트","KOSDAQ"
51390,"YW","KOSDAQ"
51490,"나라엠앤디","KOSDAQ"
51500,"CJ프레시웨이","KOSDAQ"
51600,"한전KPS","KOSPI"
51630,"진양화학","KOSPI"
51780,"큐로홀딩스","KOSDAQ"
51900,"LG생활건강","KOSPI"
51910,"LG화학","KOSPI"
51980,"중앙리빙테크","KOSDAQ"
52020,"에스티큐브","KOSDAQ"
52190,"이에스에이","KOSDAQ"
52220,"iMBC","KOSDAQ"
52260,"SK바이오랜드","KOSDAQ"
52290,"트레이스","KOSDAQ"
52300,"W홀딩컴퍼니","KOSDAQ"
52330,"코텍","KOSDAQ"
52400,"코나아이","KOSDAQ"
52420,"오성첨단소재","KOSDAQ"
52460,"아이크래프트","KOSDAQ"
52600,"한네트","KOSDAQ"
52670,"제일바이오","KOSDAQ"
52690,"한전기술","KOSPI"
52710,"아모텍","KOSDAQ"
52770,"와이디온라인","KOSDAQ"
52790,"액토즈소프트","KOSDAQ"
52860,"아이앤씨","KOSDAQ"
52900,"KMH하이텍","KOSDAQ"
53030,"바이넥스","KOSDAQ"
53050,"지에스이","KOSDAQ"
53060,"세동","KOSDAQ"
53110,"소리바다","KOSDAQ"
53160,"프리엠스","KOSDAQ"
53210,"스카이라이프","KOSPI"
53260,"금강철강","KOSDAQ"
53270,"구영테크","KOSDAQ"
53280,"예스24","KOSDAQ"
53290,"NE능률","KOSDAQ"
53300,"한국정보인증","KOSDAQ"
53350,"이니텍","KOSDAQ"
53450,"세코닉스","KOSDAQ"
53580,"웹케시","KOSDAQ"
53590,"한국테크놀로지","KOSDAQ"
53610,"프로텍","KOSDAQ"
53620,"태양","KOSDAQ"
53660,"현진소재","KOSDAQ"
53690,"한미글로벌","KOSPI"
53700,"삼보모터스","KOSDAQ"
53800,"안랩","KOSDAQ"
53950,"경남제약","KOSDAQ"
53980,"오상자이엘","KOSDAQ"
54040,"한국컴퓨터","KOSDAQ"
54050,"농우바이오","KOSDAQ"
54090,"삼진엘앤디","KOSDAQ"
54180,"중앙오션","KOSDAQ"
54210,"이랜텍","KOSDAQ"
54220,"비츠로시스","KOSDAQ"
54300,"팬스타엔터프라이즈","KOSDAQ"
54340,"피앤텔","KOSDAQ"
54410,"케이피티유","KOSDAQ"
54450,"텔레칩스","KOSDAQ"
54540,"삼영엠텍","KOSDAQ"
54620,"APS홀딩스","KOSDAQ"
54630,"에이디칩스","KOSDAQ"
54670,"대한뉴팜","KOSDAQ"
54780,"키이스트","KOSDAQ"
54800,"아이디스홀딩스","KOSDAQ"
54920,"한컴시큐어","KOSDAQ"
54930,"유신","KOSDAQ"
54940,"엑사이엔씨","KOSDAQ"
54950,"제이브이엠","KOSDAQ"
55490,"테이팩스","KOSPI"
55550,"신한지주","KOSPI"
56000,"신스타임즈","KOSDAQ"
56080,"유진로봇","KOSDAQ"
56090,"유앤아이","KOSDAQ"
56190,"에스에프에이","KOSDAQ"
56360,"코위버","KOSDAQ"
56700,"신화인터텍","KOSDAQ"
56730,"포스링크","KOSDAQ"
57030,"와이비엠넷","KOSDAQ"
57050,"현대홈쇼핑","KOSPI"
57500,"SKC 솔믹스","KOSDAQ"
57540,"옴니시스템","KOSDAQ"
57680,"옴니텔","KOSDAQ"
57880,"토필드","KOSDAQ"
58110,"멕아이씨에스","KOSDAQ"
58220,"아리온","KOSDAQ"
58400,"KNN","KOSDAQ"
58420,"제이웨이","KOSDAQ"
58430,"포스코강판","KOSPI"
58450,"일야","KOSDAQ"
58470,"리노공업","KOSDAQ"
58530,"슈펙스비앤피","KOSDAQ"
58610,"에스피지","KOSDAQ"
58630,"엠게임","KOSDAQ"
58650,"세아홀딩스","KOSPI"
58730,"다스코","KOSPI"
58820,"CMG제약","KOSDAQ"
58850,"KTcs","KOSPI"
58860,"케이티스","KOSPI"
59090,"미코","KOSDAQ"
59100,"아이컴포넌트","KOSDAQ"
59120,"아진엑스텍","KOSDAQ"
59210,"메타바이오메드","KOSDAQ"
60150,"인선이엔티","KOSDAQ"
60230,"이그잭스","KOSDAQ"
60240,"룽투코리아","KOSDAQ"
60250,"NHN한국사이버결제","KOSDAQ"
60260,"뉴보텍","KOSDAQ"
60280,"큐렉소","KOSDAQ"
60300,"레드로버","KOSDAQ"
60310,"3S","KOSDAQ"
60370,"KT서브마린","KOSDAQ"
60380,"동양에스텍","KOSDAQ"
60480,"국일신동","KOSDAQ"
60540,"에스에이티","KOSDAQ"
60560,"홈센타홀딩스","KOSDAQ"
60570,"아이리버","KOSDAQ"
60590,"씨티씨바이오","KOSDAQ"
60720,"KH바텍","KOSDAQ"
60900,"퍼시픽바이오","KOSDAQ"
60980,"한라홀딩스","KOSPI"
61040,"알에프텍","KOSDAQ"
61250,"화일약품","KOSDAQ"
61460,"한진피앤씨","KOSDAQ"
61970,"엘비세미콘","KOSDAQ"
62860,"티엘아이","KOSDAQ"
63080,"게임빌","KOSDAQ"
63160,"종근당바이오","KOSPI"
63170,"서울옥션","KOSDAQ"
63440,"SM Life Design","KOSDAQ"
63570,"한국전자금융","KOSDAQ"
63760,"이엘피","KOSDAQ"
64090,"에프앤리퍼블릭","KOSDAQ"
64240,"홈캐스트","KOSDAQ"
64260,"다날","KOSDAQ"
64290,"인텍플러스","KOSDAQ"
64350,"현대로템","KOSPI"
64480,"브리지텍","KOSDAQ"
64510,"에코마이스터","KOSDAQ"
64520,"바른전자","KOSDAQ"
64550,"바이오니아","KOSDAQ"
64760,"티씨케이","KOSDAQ"
64800,"필링크","KOSDAQ"
64820,"케이프","KOSDAQ"
64960,"S&T모티브","KOSPI"
65060,"지엔코","KOSDAQ"
65130,"탑엔지니어링","KOSDAQ"
65150,"MP그룹","KOSDAQ"
65160,"에프티이앤이","KOSDAQ"
65170,"넥스트BT","KOSDAQ"
65350,"신성델타테크","KOSDAQ"
65420,"에스아이리소스","KOSDAQ"
65440,"이루온","KOSDAQ"
65450,"빅텍","KOSDAQ"
65500,"오리엔트정공","KOSDAQ"
65510,"휴비츠","KOSDAQ"
65530,"전파기지국","KOSDAQ"
65560,"녹원씨엔아이","KOSDAQ"
65570,"삼영이엔씨","KOSDAQ"
65620,"제낙스","KOSDAQ"
65650,"메디프론","KOSDAQ"
65660,"안트로젠","KOSDAQ"
65680,"우주일렉트로","KOSDAQ"
65690,"대진디엠피","KOSDAQ"
65710,"서호전기","KOSDAQ"
65770,"CS","KOSDAQ"
65940,"바이오빌","KOSDAQ"
65950,"웰크론","KOSDAQ"
66110,"한프","KOSDAQ"
66130,"하츠","KOSDAQ"
66310,"큐에스아이","KOSDAQ"
66360,"체리부로","KOSDAQ"
66410,"버킷스튜디오","KOSDAQ"
66430,"와이오엠","KOSDAQ"
66570,"LG전자","KOSPI"
66590,"우수AMS","KOSDAQ"
66620,"국보디자인","KOSDAQ"
66670,"디스플레이텍","KOSDAQ"
66700,"테라젠이텍스","KOSDAQ"
66790,"씨씨에스","KOSDAQ"
66900,"디에이피","KOSDAQ"
66910,"손오공","KOSDAQ"
66970,"엘앤에프","KOSDAQ"
66980,"브레인콘텐츠","KOSDAQ"
67000,"조이시티","KOSDAQ"
67010,"이씨에스","KOSDAQ"
67080,"대화제약","KOSDAQ"
67160,"아프리카TV","KOSDAQ"
67170,"오텍","KOSDAQ"
67280,"멀티캠퍼스","KOSDAQ"
67290,"JW신약","KOSDAQ"
67310,"하나마이크론","KOSDAQ"
67390,"아스트","KOSDAQ"
67570,"엔브이에이치코리아","KOSDAQ"
67630,"에이치엘비생명과학","KOSDAQ"
67730,"로지시스","KOSDAQ"
67770,"세진티에스","KOSDAQ"
67830,"세이브존I&C","KOSPI"
67900,"와이엔텍","KOSDAQ"
67920,"이글루시큐리티","KOSDAQ"
67990,"도이치모터스","KOSDAQ"
68050,"팬엔터테인먼트","KOSDAQ"
68240,"다원시스","KOSDAQ"
68270,"셀트리온","KOSPI"
68290,"삼성출판사","KOSPI"
68330,"일신바이오","KOSDAQ"
68400,"AJ렌터카","KOSPI"
68760,"셀트리온제약","KOSDAQ"
68790,"DMS","KOSDAQ"
68930,"디지털대성","KOSDAQ"
68940,"아이씨케이","KOSDAQ"
69080,"웹젠","KOSDAQ"
69110,"코스온","KOSDAQ"
69140,"누리플랜","KOSDAQ"
69260,"휴켐스","KOSPI"
69330,"유아이디","KOSDAQ"
69410,"엔텔스","KOSDAQ"
69460,"대호에이엘","KOSPI"
69510,"에스텍","KOSDAQ"
69540,"라이트론","KOSDAQ"
69620,"대웅제약","KOSPI"
69640,"한세엠케이","KOSPI"
69730,"DSR제강","KOSPI"
69920,"아이에스이커머스","KOSDAQ"
69960,"현대백화점","KOSPI"
70300,"한솔시큐어","KOSDAQ"
70590,"한솔인티큐브","KOSDAQ"
70960,"용평리조트","KOSPI"
71050,"한국금융지주","KOSPI"
71090,"하이스틸","KOSPI"
71200,"인피니트헬스케어","KOSDAQ"
71280,"로체시스템즈","KOSDAQ"
71320,"지역난방공사","KOSPI"
71460,"대유위니아","KOSDAQ"
71670,"에이테크솔루션","KOSDAQ"
71840,"롯데하이마트","KOSPI"
71850,"캐스텍코리아","KOSDAQ"
71950,"코아스","KOSPI"
71970,"STX중공업","KOSPI"
72020,"중앙백신","KOSDAQ"
72130,"유엔젤","KOSPI"
72470,"우리산업홀딩스","KOSDAQ"
72520,"제넨바이오","KOSDAQ"
72710,"농심홀딩스","KOSPI"
72770,"네오디안테크놀로지","KOSDAQ"
72870,"메가스터디","KOSDAQ"
72950,"빛샘전자","KOSDAQ"
72990,"에이치시티","KOSDAQ"
73010,"케이에스피","KOSDAQ"
73070,"에스모","KOSDAQ"
73110,"엘엠에스","KOSDAQ"
73190,"듀오백","KOSDAQ"
73240,"금호타이어","KOSPI"
73490,"이노와이어리스","KOSDAQ"
73540,"에프알텍","KOSDAQ"
73560,"우리손에프앤지","KOSDAQ"
73570,"WI","KOSDAQ"
73640,"삼원테크","KOSDAQ"
74430,"아미노로직스","KOSDAQ"
74600,"원익QnC","KOSDAQ"
74610,"나노메딕스","KOSPI"
75130,"플랜티넷","KOSDAQ"
75180,"새론오토모티브","KOSPI"
75580,"세진중공업","KOSPI"
75970,"동국알앤에스","KOSDAQ"
76080,"웰크론한텍","KOSDAQ"
76610,"해성옵틱스","KOSDAQ"
77280,"한컴지엠디","KOSDAQ"
77360,"덕산하이메탈","KOSDAQ"
77500,"유니퀘스트","KOSPI"
77970,"STX엔진","KOSPI"
78000,"텔코웨어","KOSPI"
78020,"이베스트투자증권","KOSDAQ"
78070,"유비쿼스홀딩스","KOSDAQ"
78130,"국일제지","KOSDAQ"
78140,"대봉엘에스","KOSDAQ"
78150,"HB테크놀러지","KOSDAQ"
78160,"메디포스트","KOSDAQ"
78340,"컴투스","KOSDAQ"
78350,"한양디지텍","KOSDAQ"
78520,"에이블씨엔씨","KOSPI"
78590,"두올산업","KOSDAQ"
78600,"대주전자재료","KOSDAQ"
78650,"코렌","KOSDAQ"
78860,"아이오케이","KOSDAQ"
78890,"가온미디어","KOSDAQ"
78930,"GS","KOSPI"
78940,"코드네이처","KOSDAQ"
79000,"와토스코리아","KOSDAQ"
79160,"CJ CGV","KOSPI"
79170,"한창산업","KOSDAQ"
79190,"EMW","KOSDAQ"
79370,"제우스","KOSDAQ"
79430,"현대리바트","KOSPI"
79440,"오렌지라이프","KOSPI"
79550,"LIG넥스원","KOSPI"
79650,"서산","KOSDAQ"
79660,"사조해표","KOSPI"
79810,"디이엔티","KOSDAQ"
79940,"가비아","KOSDAQ"
79950,"인베니아","KOSDAQ"
79960,"동양이엔피","KOSDAQ"
79970,"투비소프트","KOSDAQ"
79980,"휴비스","KOSPI"
80000,"에스엔유","KOSDAQ"
80010,"이상네트웍스","KOSDAQ"
80160,"모두투어","KOSDAQ"
80220,"제주반도체","KOSDAQ"
80420,"모다이노칩","KOSDAQ"
80440,"에스제이케이","KOSDAQ"
80470,"성창오토텍","KOSDAQ"
80520,"오디텍","KOSDAQ"
80530,"코디","KOSDAQ"
80580,"오킨스전자","KOSDAQ"
80720,"한국유니온제약","KOSDAQ"
81000,"일진다이아","KOSPI"
81150,"티플랙스","KOSDAQ"
81580,"성우전자","KOSDAQ"
81660,"휠라코리아","KOSPI"
81970,"넥스지","KOSDAQ"
82210,"옵트론텍","KOSDAQ"
82270,"젬백스","KOSDAQ"
82640,"동양생명","KOSPI"
82660,"삼우엠스","KOSDAQ"
82740,"HSD엔진","KOSPI"
82800,"루미마이크로","KOSDAQ"
82850,"우리이티아이","KOSDAQ"
82920,"비츠로셀","KOSDAQ"
83310,"엘오티베큠","KOSDAQ"
83370,"동북아12호","KOSPI"
83380,"동북아13호","KOSPI"
83420,"그린케미칼","KOSPI"
83450,"GST","KOSDAQ"
83470,"KJ프리텍","KOSDAQ"
83500,"에프엔에스테크","KOSDAQ"
83550,"케이엠","KOSDAQ"
83620,"아시아퍼시픽15호","KOSPI"
83640,"인콘","KOSDAQ"
83650,"비에이치아이","KOSDAQ"
83660,"CSA 코스믹","KOSDAQ"
83790,"크리스탈","KOSDAQ"
83930,"아바코","KOSDAQ"
84010,"대한제강","KOSPI"
84110,"휴온스글로벌","KOSDAQ"
84180,"수성","KOSDAQ"
84370,"유진테크","KOSDAQ"
84650,"랩지노믹스","KOSDAQ"
84670,"동양고속","KOSPI"
84680,"이월드","KOSPI"
84690,"대상홀딩스","KOSPI"
84730,"팅크웨어","KOSDAQ"
84870,"TBH글로벌","KOSPI"
84990,"바이로메드","KOSDAQ"
85310,"엔케이","KOSPI"
85370,"루트로닉","KOSDAQ"
85620,"미래에셋생명","KOSPI"
85660,"차바이오텍","KOSDAQ"
85670,"뉴프렉스","KOSDAQ"
85810,"알티캐스트","KOSDAQ"
85910,"네오티스","KOSDAQ"
86040,"바이오톡스텍","KOSDAQ"
86060,"진바이오텍","KOSDAQ"
86250,"화신테크","KOSDAQ"
86280,"현대글로비스","KOSPI"
86390,"유니테스트","KOSDAQ"
86450,"동국제약","KOSDAQ"
86520,"에코프로","KOSDAQ"
86670,"비엠티","KOSDAQ"
86790,"하나금융지주","KOSPI"
86820,"바이오솔루션","KOSDAQ"
86890,"이수앱지스","KOSDAQ"
86900,"메디톡스","KOSDAQ"
86960,"한컴MDS","KOSDAQ"
86980,"쇼박스","KOSDAQ"
87010,"펩트론","KOSDAQ"
87220,"스틸플라워","KOSDAQ"
87260,"모바일어플라이언스","KOSDAQ"
87600,"픽셀플러스","KOSDAQ"
87730,"네패스신소재","KOSDAQ"
88130,"동아엘텍","KOSDAQ"
88260,"이리츠코크렙","KOSPI"
88290,"이원컴포텍","KOSDAQ"
88350,"한화생명","KOSPI"
88390,"이녹스","KOSDAQ"
88790,"진도","KOSPI"
88800,"에이스테크","KOSDAQ"
88910,"동우팜투테이블","KOSDAQ"
88980,"맥쿼리인프라","KOSPI"
89010,"켐트로닉스","KOSDAQ"
89030,"테크윙","KOSDAQ"
89140,"넥스턴","KOSDAQ"
89150,"케이씨티","KOSDAQ"
89230,"THE E&M","KOSDAQ"
89470,"HDC현대EP","KOSPI"
89530,"에이티세미콘","KOSDAQ"
89590,"제주항공","KOSPI"
89600,"나스미디어","KOSDAQ"
89790,"제이티","KOSDAQ"
89850,"유비벨록스","KOSDAQ"
89890,"코세스","KOSDAQ"
89970,"에이피티씨","KOSDAQ"
89980,"상아프론테크","KOSDAQ"
90080,"평화산업","KOSPI"
90150,"광진윈텍","KOSDAQ"
90350,"노루페인트","KOSPI"
90360,"로보스타","KOSDAQ"
90370,"메타랩스","KOSPI"
90410,"덕신하우징","KOSDAQ"
90430,"아모레퍼시픽","KOSPI"
90460,"비에이치","KOSDAQ"
90470,"제이스텍","KOSDAQ"
90710,"디에스티로봇","KOSDAQ"
90730,"SIMPAC Metal","KOSDAQ"
90740,"연이정보통신","KOSDAQ"
90850,"이지웰페어","KOSDAQ"
91090,"세원셀론텍","KOSPI"
91120,"이엠텍","KOSDAQ"
91340,"S&K폴리텍","KOSDAQ"
91440,"텔레필드","KOSDAQ"
91580,"상신이디피","KOSDAQ"
91590,"남화토건","KOSDAQ"
91700,"파트론","KOSDAQ"
91810,"티웨이항공","KOSPI"
91970,"나노캠텍","KOSDAQ"
91990,"셀트리온헬스케어","KOSDAQ"
92040,"아미코젠","KOSDAQ"
92070,"디엔에프","KOSDAQ"
92130,"이크레더블","KOSDAQ"
92200,"디아이씨","KOSPI"
92220,"KEC","KOSPI"
92230,"KPX홀딩스","KOSPI"
92300,"현우산업","KOSDAQ"
92440,"기신정기","KOSPI"
92460,"한라IMS","KOSDAQ"
92600,"앤씨앤","KOSDAQ"
92730,"네오팜","KOSDAQ"
92780,"동양피스톤","KOSPI"
92870,"엑시콘","KOSDAQ"
93050,"LF","KOSPI"
93190,"빅솔론","KOSDAQ"
93230,"이아이디","KOSPI"
93240,"형지엘리트","KOSPI"
93320,"케이아이엔엑스","KOSDAQ"
93370,"후성","KOSPI"
93380,"풍강","KOSDAQ"
93520,"매커스","KOSDAQ"
93640,"다믈멀티미디어","KOSDAQ"
93920,"서원인텍","KOSDAQ"
94170,"동운아나텍","KOSDAQ"
94190,"이엘케이","KOSDAQ"
94280,"효성ITX","KOSPI"
94360,"칩스앤미디어","KOSDAQ"
94480,"갤럭시아컴즈","KOSDAQ"
94800,"맵스리얼티1","KOSPI"
94820,"일진파워","KOSDAQ"
94840,"슈프리마에이치큐","KOSDAQ"
94850,"참좋은여행","KOSDAQ"
94860,"코닉글로리","KOSDAQ"
94940,"푸른기술","KOSDAQ"
94970,"제이엠티","KOSDAQ"
95190,"이엠코리아","KOSDAQ"
95270,"웨이브일렉트로","KOSDAQ"
95300,"엔에스브이","KOSDAQ"
95340,"ISC","KOSDAQ"
95500,"미래나노텍","KOSDAQ"
95570,"AJ네트웍스","KOSPI"
95610,"테스","KOSDAQ"
95660,"네오위즈","KOSDAQ"
95700,"제넥신","KOSDAQ"
95720,"웅진씽크빅","KOSPI"
95910,"에스에너지","KOSDAQ"
96040,"이트론","KOSDAQ"
96240,"청담러닝","KOSDAQ"
96300,"베트남개발1","KOSPI"
96350,"대창솔루션","KOSDAQ"
96530,"씨젠","KOSDAQ"
96610,"알에프세미","KOSDAQ"
96630,"에스코넥","KOSDAQ"
96640,"멜파스","KOSDAQ"
96690,"제이스테판","KOSDAQ"
96760,"JW홀딩스","KOSPI"
96770,"SK이노베이션","KOSPI"
96870,"엘디티","KOSDAQ"
97230,"한진중공업","KOSPI"
97520,"엠씨넥스","KOSDAQ"
97780,"에스맥","KOSDAQ"
97800,"윈팩","KOSDAQ"
97870,"효성오앤비","KOSDAQ"
97950,"CJ제일제당","KOSPI"
98120,"마이크로컨텍솔","KOSDAQ"
98460,"고영","KOSDAQ"
98660,"에스티오","KOSDAQ"
99190,"아이센스","KOSDAQ"
99220,"SDN","KOSDAQ"
99320,"쎄트렉아이","KOSDAQ"
99340,"하나니켈1호","KOSPI"
99350,"하나니켈2호","KOSPI"
99410,"동방선기","KOSDAQ"
99440,"스맥","KOSDAQ"
99520,"ITX엠투엠","KOSDAQ"
99660,"한솔신텍","KOSDAQ"
99750,"이지케어텍","KOSDAQ"
99830,"씨그널엔터테인먼트그룹","KOSDAQ"
100030,"모바일리더","KOSDAQ"
100090,"삼강엠앤티","KOSDAQ"
100120,"뷰웍스","KOSDAQ"
100130,"동국S&C","KOSDAQ"
100220,"비상교육","KOSPI"
100250,"진양홀딩스","KOSPI"
100590,"머큐리","KOSDAQ"
100660,"서암기계공업","KOSDAQ"
100700,"세운메디칼","KOSDAQ"
100790,"미래에셋벤처투자","KOSDAQ"
100840,"S&TC","KOSPI"
101000,"상상인더스트리","KOSDAQ"
101060,"SBS미디어홀딩스","KOSPI"
101140,"아티스","KOSPI"
101160,"월덱스","KOSDAQ"
101170,"우림기계","KOSDAQ"
101240,"씨큐브","KOSDAQ"
101330,"모베이스","KOSDAQ"
101390,"아이엠","KOSDAQ"
101400,"엔시트론","KOSDAQ"
101490,"에스앤에스텍","KOSDAQ"
101530,"해태제과식품","KOSPI"
101670,"코리아에스이","KOSDAQ"
101680,"한국정밀기계","KOSDAQ"
101730,"조이맥스","KOSDAQ"
101930,"인화정공","KOSDAQ"
102120,"어보브반도체","KOSDAQ"
102210,"해덕파워웨이","KOSDAQ"
102260,"동성코퍼레이션","KOSPI"
102280,"쌍방울","KOSPI"
102460,"이연제약","KOSPI"
102710,"이엔에프테크놀로지","KOSDAQ"
102940,"코오롱생명과학","KOSDAQ"
103130,"웅진에너지","KOSPI"
103140,"풍산","KOSPI"
103230,"에스앤더블류","KOSDAQ"
103590,"일진전기","KOSPI"
104040,"대성파인텍","KOSDAQ"
104200,"NHN벅스","KOSDAQ"
104460,"동양피엔에프","KOSDAQ"
104480,"티케이케미칼","KOSDAQ"
104540,"코렌텍","KOSDAQ"
104620,"노랑풍선","KOSDAQ"
104700,"한국철강","KOSPI"
104830,"원익머트리얼즈","KOSDAQ"
105330,"케이엔더블유","KOSDAQ"
105550,"트루윈","KOSDAQ"
105560,"KB금융","KOSPI"
105630,"한세실업","KOSPI"
105740,"디케이락","KOSDAQ"
105840,"우진","KOSPI"
106080,"지투하이소닉","KOSDAQ"
106190,"하이텍팜","KOSDAQ"
106240,"파인테크닉스","KOSDAQ"
106520,"디지탈옵틱","KOSDAQ"
107590,"미원홀딩스","KOSPI"
108230,"톱텍","KOSDAQ"
108320,"실리콘웍스","KOSDAQ"
108380,"대양전기공업","KOSDAQ"
108490,"로보티즈","KOSDAQ"
108670,"LG하우시스","KOSPI"
108790,"인터파크","KOSDAQ"
108860,"셀바스AI","KOSDAQ"
109070,"컨버즈","KOSPI"
109080,"옵티시스","KOSDAQ"
109610,"에스와이패널","KOSDAQ"
109740,"디에스케이","KOSDAQ"
109820,"진매트릭스","KOSDAQ"
109860,"동일금속","KOSDAQ"
109960,"에이프로젠 H&G","KOSDAQ"
110020,"전진바이오팜","KOSDAQ"
110790,"크리스에프앤씨","KOSDAQ"
110990,"디아이티","KOSDAQ"
111110,"호전실업","KOSPI"
111710,"남화산업","KOSDAQ"
111770,"영원무역","KOSPI"
111820,"지와이커머스","KOSDAQ"
111870,"삼본정밀전자","KOSDAQ"
112040,"위메이드","KOSDAQ"
112240,"에스에프씨","KOSDAQ"
112610,"씨에스윈드","KOSPI"
113810,"디젠스","KOSDAQ"
114090,"GKL","KOSPI"
114120,"크루셜텍","KOSDAQ"
114190,"웰크론강원","KOSDAQ"
114450,"KPX생명과학","KOSDAQ"
114570,"지스마트글로벌","KOSDAQ"
114630,"우노앤컴퍼니","KOSDAQ"
114810,"아이원스","KOSDAQ"
115160,"휴맥스","KOSDAQ"
115180,"큐리언트","KOSDAQ"
115310,"인포바인","KOSDAQ"
115390,"락앤락","KOSPI"
115440,"우리넷","KOSDAQ"
115450,"지트리비앤티","KOSDAQ"
115480,"씨유메디칼","KOSDAQ"
115500,"케이씨에스","KOSDAQ"
115530,"씨엔플러스","KOSDAQ"
115570,"스타플렉스","KOSDAQ"
115610,"이미지스","KOSDAQ"
115960,"연우","KOSDAQ"
117580,"대성에너지","KOSPI"
117670,"알파홀딩스","KOSDAQ"
117730,"티로보틱스","KOSDAQ"
118000,"우리들휴브레인","KOSPI"
118990,"모트렉스","KOSDAQ"
119500,"포메탈","KOSDAQ"
119610,"인터로조","KOSDAQ"
119650,"KC코트렐","KOSPI"
119830,"아이텍반도체","KOSDAQ"
119850,"지엔씨에너지","KOSDAQ"
119860,"다나와","KOSDAQ"
120030,"조선선재","KOSPI"
120110,"코오롱인더","KOSPI"
120240,"대정화금","KOSDAQ"
121440,"골프존뉴딘홀딩스","KOSDAQ"
121600,"나노신소재","KOSDAQ"
121800,"비덴트","KOSDAQ"
121850,"코이즈","KOSDAQ"
121890,"에스디시스템","KOSDAQ"
122310,"제노레이","KOSDAQ"
122350,"삼기오토모티브","KOSDAQ"
122450,"KMH","KOSDAQ"
122640,"예스티","KOSDAQ"
122690,"서진오토모티브","KOSDAQ"
122800,"썬텍","KOSDAQ"
122870,"와이지엔터테인먼트","KOSDAQ"
122900,"아이마켓코리아","KOSPI"
122990,"와이솔","KOSDAQ"
123010,"옵토팩","KOSDAQ"
123040,"엠에스오토텍","KOSDAQ"
123100,"원익테라세미콘","KOSDAQ"
123260,"파인넥스","KOSDAQ"
123330,"제닉","KOSDAQ"
123410,"코리아에프티","KOSDAQ"
123420,"선데이토즈","KOSDAQ"
123570,"이엠넷","KOSDAQ"
123690,"한국화장품","KOSPI"
123700,"SJM","KOSPI"
123750,"알톤스포츠","KOSDAQ"
123840,"한일진공","KOSDAQ"
123860,"아나패스","KOSDAQ"
123890,"한국자산신탁","KOSPI"
124500,"아이티센","KOSDAQ"
126560,"현대에이치씨엔","KOSPI"
126600,"코프라","KOSDAQ"
126640,"화신정공","KOSDAQ"
126700,"하이비젼시스템","KOSDAQ"
126870,"뉴로스","KOSDAQ"
126880,"제이엔케이히터","KOSDAQ"
127120,"디엔에이링크","KOSDAQ"
127160,"매직마이크로","KOSDAQ"
127710,"아시아경제","KOSDAQ"
128540,"에코캡","KOSDAQ"
128660,"피제이메탈","KOSDAQ"
128820,"대성산업","KOSPI"
128940,"한미약품","KOSPI"
129260,"인터지스","KOSPI"
130500,"GH신소재","KOSDAQ"
130580,"나이스디앤비","KOSDAQ"
130660,"한전산업","KOSPI"
130740,"티피씨글로벌","KOSDAQ"
130960,"CJ E&M","KOSDAQ"
131030,"디에이치피코리아","KOSDAQ"
131090,"시큐브","KOSDAQ"
131100,"리켐","KOSDAQ"
131180,"딜리","KOSDAQ"
131220,"대한과학","KOSDAQ"
131290,"티에스이","KOSDAQ"
131370,"알서포트","KOSDAQ"
131390,"피앤이솔루션","KOSDAQ"
131400,"액트","KOSDAQ"
131760,"파인텍","KOSDAQ"
131970,"테스나","KOSDAQ"
133750,"메가엠디","KOSDAQ"
133820,"화인베스틸","KOSPI"
134060,"이퓨쳐","KOSDAQ"
134380,"미원화학","KOSPI"
134580,"디엠티","KOSDAQ"
134780,"화진","KOSDAQ"
134790,"시디즈","KOSPI"
136480,"하림","KOSDAQ"
136490,"선진","KOSPI"
136510,"쎄미시스코","KOSDAQ"
136540,"윈스","KOSDAQ"
137400,"피엔티","KOSDAQ"
137940,"넥스트아이","KOSDAQ"
137950,"제이씨케미칼","KOSDAQ"
138040,"메리츠금융지주","KOSPI"
138070,"신진에스엠","KOSDAQ"
138080,"오이솔루션","KOSDAQ"
138250,"엔에스쇼핑","KOSPI"
138360,"에이씨티","KOSDAQ"
138490,"코오롱플라스틱","KOSPI"
138580,"비즈니스온","KOSDAQ"
138610,"나이벡","KOSDAQ"
138690,"엘아이에스","KOSDAQ"
138930,"BNK금융지주","KOSPI"
139050,"데일리블록체인","KOSDAQ"
139130,"DGB금융지주","KOSPI"
139480,"이마트","KOSPI"
139670,"넥스트리밍","KOSDAQ"
140070,"서플러스글로벌","KOSDAQ"
140410,"메지온","KOSDAQ"
140520,"대창스틸","KOSDAQ"
140670,"알에스오토메이션","KOSDAQ"
140860,"파크시스템스","KOSDAQ"
140890,"트러스제7호","KOSPI"
140910,"에이리츠","KOSPI"
141000,"비아트론","KOSDAQ"
141020,"포티스","KOSDAQ"
141070,"맥스로텍","KOSDAQ"
141080,"레고켐바이오","KOSDAQ"
142210,"유니트론텍","KOSDAQ"
142280,"녹십자엠에스","KOSDAQ"
142760,"바이오리더스","KOSDAQ"
143160,"아이디스","KOSDAQ"
143210,"핸즈코퍼레이션","KOSPI"
143240,"사람인에이치알","KOSDAQ"
143540,"영우디에스피","KOSDAQ"
144510,"녹십자랩셀","KOSDAQ"
144620,"코오롱머티리얼","KOSPI"
144960,"뉴파워프라즈마","KOSDAQ"
145020,"휴젤","KOSDAQ"
145210,"세화아이엠씨","KOSPI"
145270,"케이탑리츠","KOSPI"
145720,"덴티움","KOSPI"
145990,"삼양사","KOSPI"
147760,"마이크로프랜드","KOSDAQ"
147830,"제룡산업","KOSDAQ"
148140,"비디아이","KOSDAQ"
148250,"알엔투테크놀로지","KOSDAQ"
149940,"모다","KOSDAQ"
149950,"아바텍","KOSDAQ"
149980,"하이로닉","KOSDAQ"
150840,"인트로메딕","KOSDAQ"
150900,"파수닷컴","KOSDAQ"
151860,"KG ETS","KOSDAQ"
151910,"나노스","KOSDAQ"
152180,"TIGER 생활필수품","KOSPI"
152330,"코리아오토글라스","KOSPI"
152550,"한국ANKOR유전","KOSPI"
153360,"하이골드3호","KOSPI"
153460,"네이블","KOSDAQ"
153490,"우리이앤엘","KOSDAQ"
153710,"옵티팜","KOSDAQ"
154030,"아시아종묘","KOSDAQ"
154040,"솔루에타","KOSDAQ"
155650,"와이엠씨","KOSDAQ"
155660,"DSR","KOSPI"
155900,"바다로19호","KOSPI"
155960,"지디","KOSDAQ"
156100,"엘앤케이바이오","KOSDAQ"
157510,"TIGER 자동차","KOSPI"
157520,"TIGER 화학","KOSPI"
158310,"인터불스","KOSDAQ"
159580,"제로투세븐","KOSDAQ"
159650,"하이골드8호","KOSPI"
159910,"스킨앤스킨","KOSDAQ"
160550,"NEW","KOSDAQ"
160600,"에스엔텍","KOSDAQ"
160980,"싸이맥스","KOSDAQ"
161000,"애경유화","KOSPI"
161390,"한국타이어","KOSPI"
161570,"THE MIDONG","KOSDAQ"
161580,"필옵틱스","KOSDAQ"
161890,"한국콜마","KOSPI"
163560,"동일고무벨트","KOSPI"
166090,"하나머티리얼즈","KOSDAQ"
166480,"코아스템","KOSDAQ"
168330,"내츄럴엔도텍","KOSDAQ"
168490,"한국패러랠","KOSPI"
170030,"현대공업","KOSDAQ"
170790,"파이오링크","KOSDAQ"
170900,"동아에스티","KOSPI"
170920,"엘티씨","KOSDAQ"
171010,"램테크놀러지","KOSDAQ"
171090,"선익시스템","KOSDAQ"
171120,"라이온켐텍","KOSDAQ"
172580,"하이골드12호","KOSPI"
173130,"오파스넷","KOSDAQ"
173940,"에프엔씨엔터","KOSDAQ"
174880,"장원테크","KOSDAQ"
174900,"앱클론","KOSDAQ"
175140,"인포마크","KOSDAQ"
175250,"아이큐어","KOSDAQ"
175330,"JB금융지주","KOSPI"
176440,"에이치엔티","KOSDAQ"
177350,"베셀","KOSDAQ"
177830,"파버나인","KOSDAQ"
178320,"서진시스템","KOSDAQ"
178780,"유테크","KOSDAQ"
178920,"SKC코오롱PI","KOSDAQ"
179290,"엠아이텍","KOSDAQ"
179900,"유티아이","KOSDAQ"
180400,"캔서롭","KOSDAQ"
180640,"한진칼","KOSPI"
181340,"이즈미디어","KOSDAQ"
181710,"NHN엔터테인먼트","KOSPI"
182360,"큐브엔터","KOSDAQ"
182400,"에이티젠","KOSDAQ"
182690,"테라셈","KOSDAQ"
183190,"아세아시멘트","KOSPI"
183300,"코미코","KOSDAQ"
183490,"엔지켐생명과학","KOSDAQ"
184230,"SGA솔루션즈","KOSDAQ"
185490,"아이진","KOSDAQ"
185750,"종근당","KOSPI"
187220,"디티앤씨","KOSDAQ"
187270,"신화콘텍","KOSDAQ"
187420,"제노포커스","KOSDAQ"
187790,"나노","KOSDAQ"
187870,"디바이스이엔지","KOSDAQ"
189300,"인텔리안테크","KOSDAQ"
189690,"포시에스","KOSDAQ"
189860,"서전기전","KOSDAQ"
189980,"흥국에프엔비","KOSDAQ"
190510,"나무가","KOSDAQ"
191410,"육일씨엔에쓰","KOSDAQ"
191420,"테고사이언스","KOSDAQ"
192080,"더블유게임즈","KOSDAQ"
192080,"더블유게임즈","KOSPI"
192250,"케이사인","KOSDAQ"
192390,"윈하이텍","KOSDAQ"
192400,"쿠쿠홀딩스","KOSPI"
192410,"감마누","KOSDAQ"
192440,"슈피겐코리아","KOSDAQ"
192530,"광주은행","KOSPI"
192650,"드림텍","KOSPI"
192820,"코스맥스","KOSPI"
193250,"와이제이엠게임즈","KOSDAQ"
194370,"제이에스코퍼레이션","KOSPI"
194480,"데브시스터즈","KOSDAQ"
194510,"파티게임즈","KOSDAQ"
194610,"우성아이비","KOSDAQ"
194700,"노바렉스","KOSDAQ"
195440,"퓨전데이타","KOSDAQ"
195870,"해성디에스","KOSPI"
195990,"유지인트","KOSDAQ"
196170,"알테오젠","KOSDAQ"
196300,"애니젠","KOSDAQ"
196450,"텔루스","KOSDAQ"
196490,"디에이테크놀로지","KOSDAQ"
196700,"웹스","KOSDAQ"
197140,"디지캡","KOSDAQ"
197210,"리드","KOSDAQ"
198440,"고려시멘트","KOSDAQ"
200130,"콜마비앤에이치","KOSDAQ"
200230,"텔콘RF제약","KOSDAQ"
200470,"하이셈","KOSDAQ"
200670,"휴메딕스","KOSDAQ"
200710,"에이디테크놀로지","KOSDAQ"
200780,"비씨월드제약","KOSDAQ"
200880,"서연이화","KOSPI"
201490,"미투온","KOSDAQ"
203450,"유니온커뮤니티","KOSDAQ"
203650,"드림시큐리티","KOSDAQ"
203690,"프로스테믹스","KOSDAQ"
204020,"엠코르셋","KOSDAQ"
204210,"모두투어리츠","KOSPI"
204320,"만도","KOSPI"
204620,"글로벌텍스프리","KOSDAQ"
204630,"화이브라더스코리아","KOSDAQ"
204650,"케이티비스팩1호","KOSDAQ"
204840,"지엘팜텍","KOSDAQ"
204990,"현성바이탈","KOSDAQ"
205100,"엑셈","KOSDAQ"
205470,"휴마시스","KOSDAQ"
205500,"액션스퀘어","KOSDAQ"
206400,"엔터메이트","KOSDAQ"
206560,"덱스터","KOSDAQ"
206640,"바디텍메드","KOSDAQ"
206650,"유바이오로직스","KOSDAQ"
206660,"골든브릿지제2호스팩","KOSDAQ"
207720,"엔에이치SL스팩","KOSDAQ"
207760,"미스터블루","KOSDAQ"
207930,"SK1호스팩","KOSDAQ"
207940,"삼성바이오로직스","KOSPI"
208140,"정다운","KOSDAQ"
208340,"파멥신","KOSDAQ"
208350,"지란지교시큐리티","KOSDAQ"
208370,"셀바스헬스케어","KOSDAQ"
208640,"썸에이지","KOSDAQ"
208710,"바이오로그디바이스","KOSDAQ"
208860,"엔지스테크널러지","KOSDAQ"
208870,"하나머스트3호스팩","KOSDAQ"
210540,"디와이파워","KOSPI"
210980,"SK디앤디","KOSPI"
211270,"AP위성","KOSDAQ"
212560,"네오오토","KOSDAQ"
213090,"미래테크놀로지","KOSDAQ"
213420,"덕산네오룩스","KOSDAQ"
213500,"한솔제지","KOSPI"
214150,"클래시스","KOSDAQ"
214180,"민앤지","KOSDAQ"
214270,"퓨쳐스트림네트웍스","KOSDAQ"
214310,"세미콘라이트","KOSDAQ"
214320,"이노션","KOSPI"
214330,"금호에이치티","KOSPI"
214370,"케어젠","KOSDAQ"
214390,"경보제약","KOSPI"
214420,"토니모리","KOSPI"
214430,"아이쓰리시스템","KOSDAQ"
214450,"파마리서치프로덕트","KOSDAQ"
214680,"디알텍","KOSDAQ"
214870,"에치디프로","KOSDAQ"
215000,"골프존","KOSDAQ"
215090,"한컴유니맥스","KOSDAQ"
215100,"로보로보","KOSDAQ"
215200,"메가스터디교육","KOSDAQ"
215360,"우리산업","KOSDAQ"
215380,"우정바이오","KOSDAQ"
215480,"토박스코리아","KOSDAQ"
215580,"대우스팩3호","KOSDAQ"
215600,"신라젠","KOSDAQ"
215750,"미래에셋제3호스팩","KOSDAQ"
215790,"이노인스트루먼트","KOSDAQ"
216050,"인크로스","KOSDAQ"
217190,"제너셈","KOSDAQ"
217270,"넵튠","KOSDAQ"
217330,"싸이토젠","KOSDAQ"
217480,"에스디생명공학","KOSDAQ"
217500,"러셀","KOSDAQ"
217600,"켐온","KOSDAQ"
217620,"디딤","KOSDAQ"
217730,"강스템바이오텍","KOSDAQ"
217810,"엔에이치스팩7호","KOSDAQ"
217820,"엔에스","KOSDAQ"
218150,"미래생명자원","KOSDAQ"
218410,"RFHIC","KOSDAQ"
218710,"키움스팩3호","KOSDAQ"
219130,"타이거일렉","KOSDAQ"
219420,"링크제니시스","KOSDAQ"
219550,"MP한강","KOSDAQ"
219580,"골든브릿지제3호스팩","KOSDAQ"
219750,"지티지웰니스","KOSDAQ"
219860,"한화에이스스팩2호","KOSDAQ"
219960,"유안타제2호스팩","KOSDAQ"
220100,"퓨쳐켐","KOSDAQ"
220180,"핸디소프트","KOSDAQ"
220260,"켐트로스","KOSDAQ"
220630,"해마로푸드서비스","KOSDAQ"
221200,"유진스팩3호","KOSDAQ"
221610,"한솔씨앤피","KOSDAQ"
221840,"하이즈항공","KOSDAQ"
221950,"케이비드림3호스팩","KOSDAQ"
221980,"케이디켐","KOSDAQ"
222040,"뉴트리바이오텍","KOSDAQ"
222080,"씨아이에스","KOSDAQ"
222110,"팬젠","KOSDAQ"
222390,"케이비제8호스팩","KOSDAQ"
222420,"쎄노텍","KOSDAQ"
222800,"심텍","KOSDAQ"
222810,"한류AI센터","KOSDAQ"
222980,"한국맥널티","KOSDAQ"
223040,"교보5호스팩","KOSDAQ"
223310,"이에스브이","KOSDAQ"
224060,"코디엠","KOSDAQ"
224110,"에이텍티앤","KOSDAQ"
225190,"삼양옵틱스","KOSDAQ"
225330,"씨엠에스에듀","KOSDAQ"
225430,"케이엠제약","KOSDAQ"
225440,"이베스트스팩3호","KOSDAQ"
225530,"보광산업","KOSDAQ"
225570,"넷게임즈","KOSDAQ"
225590,"패션플랫폼","KOSDAQ"
225650,"쿠첸","KOSDAQ"
226320,"잇츠한불","KOSPI"
226340,"본느","KOSDAQ"
226350,"아이엠텍","KOSDAQ"
226360,"이엑스티","KOSDAQ"
226400,"오스테오닉","KOSDAQ"
226440,"한송네오텍","KOSDAQ"
226850,"키움스팩4호","KOSDAQ"
226950,"올릭스","KOSDAQ"
227100,"디자인","KOSDAQ"
227610,"아우딘퓨쳐스","KOSDAQ"
227840,"현대코퍼레이션홀딩스","KOSPI"
227950,"마이크로텍","KOSDAQ"
228340,"동양파일","KOSDAQ"
228850,"레이언스","KOSDAQ"
229640,"LS전선아시아","KOSPI"
230240,"에치에프알","KOSDAQ"
230360,"에코마케팅","KOSDAQ"
230490,"동부제4호스팩","KOSDAQ"
230980,"솔트웍스","KOSDAQ"
232140,"와이아이케이","KOSDAQ"
232270,"케이비제9호스팩","KOSDAQ"
232330,"SK3호스팩","KOSDAQ"
234080,"JW생명과학","KOSPI"
234100,"세원","KOSDAQ"
234300,"에스트래픽","KOSDAQ"
234920,"자이글","KOSDAQ"
235010,"하이에이아이1호스팩","KOSDAQ"
236200,"슈프리마","KOSDAQ"
237690,"에스티팜","KOSDAQ"
237750,"피앤씨테크","KOSDAQ"
237880,"클리오","KOSDAQ"
238090,"앤디포스","KOSDAQ"
238120,"로고스바이오","KOSDAQ"
238200,"비피도","KOSDAQ"
238490,"힘스","KOSDAQ"
239340,"미래에셋제5호스팩","KOSDAQ"
239610,"에이치엘사이언스","KOSDAQ"
240540,"한국4호스팩","KOSDAQ"
240810,"원익IPS","KOSDAQ"
241520,"DSC인베스트먼트","KOSDAQ"
241560,"두산밥캣","KOSPI"
241590,"화승엔터프라이즈","KOSPI"
241690,"유니테크노","KOSDAQ"
241710,"코스메카코리아","KOSDAQ"
241770,"메카로","KOSDAQ"
241790,"오션브릿지","KOSDAQ"
241820,"피씨엘","KOSDAQ"
242040,"나무기술","KOSDAQ"
243070,"휴온스","KOSDAQ"
243840,"신흥에스이씨","KOSDAQ"
245620,"EDGC","KOSDAQ"
246690,"티에스인베스트먼트","KOSDAQ"
246710,"티앤알바이오팹","KOSDAQ"
246720,"아스타","KOSDAQ"
246960,"이노테라피","KOSDAQ"
247540,"에코프로비엠","KOSDAQ"
248170,"샘표식품","KOSPI"
249420,"일동제약","KOSPI"
250000,"보라티알","KOSDAQ"
250060,"모비스","KOSDAQ"
250930,"케이비제10호스팩","KOSDAQ"
251270,"넷마블","KOSPI"
251370,"와이엠티","KOSDAQ"
251630,"브이원텍","KOSDAQ"
252500,"세화피앤씨","KOSDAQ"
253450,"스튜디오드래곤","KOSDAQ"
253590,"네오셈","KOSDAQ"
254120,"IBKS제5호스팩","KOSDAQ"
255220,"SG","KOSDAQ"
255440,"야스","KOSDAQ"
256630,"엔에이치스팩10호","KOSDAQ"
256840,"엔에이치스팩11호","KOSDAQ"
256940,"케이피에스","KOSDAQ"
257370,"명성티엔에스","KOSDAQ"
257730,"신한제3호스팩","KOSDAQ"
258610,"이더블유케이","KOSDAQ"
258790,"케이비제11호스팩","KOSDAQ"
258830,"세종메디칼","KOSDAQ"
259630,"엠플러스","KOSDAQ"
260660,"알리코제약","KOSDAQ"
260930,"씨티케이코스메틱스","KOSDAQ"
261200,"하나금융9호스팩","KOSDAQ"
262830,"대신밸런스제4호스팩","KOSDAQ"
263020,"디케이앤디","KOSDAQ"
263050,"유틸렉스","KOSDAQ"
263540,"샘코","KOSDAQ"
263600,"덕우전자","KOSDAQ"
263690,"디알젬","KOSDAQ"
263700,"케어랩스","KOSDAQ"
263720,"디앤씨미디어","KOSDAQ"
263750,"펄어비스","KOSDAQ"
263770,"유에스티","KOSDAQ"
263800,"데이타솔루션","KOSDAQ"
263810,"상신전자","KOSDAQ"
263860,"지니언스","KOSDAQ"
263920,"에스엔피월드","KOSDAQ"
264290,"한화에이스스팩3호","KOSDAQ"
264450,"유비쿼스","KOSDAQ"
264660,"씨앤지하이테크","KOSDAQ"
264850,"IBKS제6호스팩","KOSDAQ"
264900,"크라운제과","KOSPI"
265480,"미래에셋대우스팩1호","KOSDAQ"
265520,"AP시스템","KOSDAQ"
265560,"영화테크","KOSDAQ"
265920,"한화수성스팩","KOSDAQ"
267250,"현대중공업지주","KOSPI"
267260,"현대일렉트릭","KOSPI"
267270,"현대건설기계","KOSPI"
267290,"경동도시가스","KOSPI"
267320,"교보7호스팩","KOSDAQ"
267790,"배럴","KOSDAQ"
267850,"아시아나IDT","KOSPI"
267980,"매일유업","KOSDAQ"
268280,"미원에스씨","KOSPI"
268600,"셀리버리","KOSDAQ"
269620,"시스웍","KOSDAQ"
270520,"하나금융10호스팩","KOSDAQ"
270870,"뉴트리","KOSDAQ"
271560,"오리온","KOSPI"
271740,"한국제5호스팩","KOSDAQ"
271980,"제일약품","KOSPI"
272290,"이녹스첨단소재","KOSDAQ"
272450,"진에어","KOSPI"
272550,"삼양패키징","KOSPI"
273060,"엔에이치스팩12호","KOSDAQ"
275630,"에스에스알","KOSDAQ"
276920,"IBKS제7호스팩","KOSDAQ"
277070,"린드먼아시아","KOSDAQ"
277410,"인산가","KOSDAQ"
277480,"신한제4호스팩","KOSDAQ"
278280,"천보","KOSDAQ"
279410,"한화에이스스팩4호","KOSDAQ"
280360,"롯데제과","KOSPI"
281410,"한국제6호스팩","KOSDAQ"
281740,"동부스팩5호","KOSDAQ"
281820,"케이씨텍","KOSPI"
282330,"BGF리테일","KOSPI"
282690,"동아타이어","KOSPI"
284620,"하나금융11호스팩","KOSDAQ"
284740,"쿠쿠홈시스","KOSPI"
285130,"SK케미칼","KOSPI"
285490,"노바텍","KOSDAQ"
286940,"롯데정보통신","KOSPI"
287410,"유안타제3호스팩","KOSDAQ"
288620,"에스퓨얼셀","KOSDAQ"
289080,"SV인베스트먼트","KOSDAQ"
290120,"대유에이피","KOSDAQ"
290270,"휴네시온","KOSDAQ"
290380,"대유","KOSDAQ"
290550,"디케이티","KOSDAQ"
290650,"엘앤씨바이오","KOSDAQ"
290660,"네오펙트","KOSDAQ"
290670,"대보마그네틱","KOSDAQ"
290720,"푸드나무","KOSDAQ"
290740,"액트로","KOSDAQ"
291210,"한국제7호스팩","KOSDAQ"
291230,"삼성스팩2호","KOSDAQ"
293480,"하나제약","KOSPI"
293580,"나우아이비캐피탈","KOSDAQ"
293940,"신한알파리츠","KOSPI"
294870,"HDC현대산업개발","KOSPI"
297570,"IBKS제9호스팩","KOSDAQ"
298000,"효성화학","KOSPI"
298020,"효성티앤씨","KOSPI"
298040,"효성중공업","KOSPI"
298050,"효성첨단소재","KOSPI"
298380,"에이비엘바이오","KOSDAQ"
298690,"에어부산","KOSPI"
299170,"IBKS제10호스팩","KOSDAQ"
299660,"셀리드","KOSDAQ"
299900,"위지윅스튜디오","KOSDAQ"
299910,"베스파","KOSDAQ"
300720,"한일시멘트","KOSPI"
302430,"이노메트리","KOSDAQ"
303030,"대신밸런스제5호스팩","KOSDAQ"
306200,"세아제강","KOSPI"
306620,"DB금융스팩6호","KOSDAQ"
307070,"SK4호스팩","KOSDAQ"
307160,"하나머스트제6호스팩","KOSDAQ"
307180,"신영스팩4호","KOSDAQ"
307280,"교보8호스팩","KOSDAQ"
307750,"대신밸런스제6호스팩","KOSDAQ"
307870,"골든브릿지이안5호","KOSDAQ"
309930,"삼성머스트스팩3호","KOSDAQ"
310200,"미래에셋대우스팩2호","KOSDAQ"
310840,"엔에이치스팩13호","KOSDAQ"
310870,"한국제8호스팩","KOSDAQ"
311270,"키움제5호스팩","KOSDAQ"
313750,"유안타제4호스팩","KOSDAQ"
316140,"우리금융지주","KOSPI"
900040,"차이나그레이트","KOSDAQ"
900050,"중국원양자원","KOSPI"
900070,"글로벌에스엠","KOSDAQ"
900080,"에스앤씨엔진그룹","KOSDAQ"
900090,"차이나하오란","KOSDAQ"
900100,"뉴프라이드","KOSDAQ"
900110,"이스트아시아홀딩스","KOSDAQ"
900120,"씨케이에이치","KOSDAQ"
900130,"웨이포트","KOSDAQ"
900140,"엘브이엠씨홀딩스","KOSPI"
900180,"완리","KOSDAQ"
900250,"크리스탈신소재","KOSDAQ"
900260,"로스웰","KOSDAQ"
900270,"헝셩그룹","KOSDAQ"
900280,"골든센츄리","KOSDAQ"
900290,"GRT","KOSDAQ"
900300,"오가닉티코스메틱","KOSDAQ"
900310,"컬러레이","KOSDAQ"
900340,"윙입푸드","KOSDAQ"
950110,"SBI핀테크솔루션즈","KOSDAQ"
950130,"엑세스바이오","KOSDAQ"
950140,"잉글우드랩","KOSDAQ"
950160,"코오롱티슈진","KOSDAQ"
950170,"JTC","KOSDAQ"
317030,"케이비17호스팩","KOSDAQ"
228760,"지노믹트리","KOSDAQ"
307950,"현대오토에버","KOSPI"
125210,"아모그린텍","KOSDAQ"
317240,"하이제4호스팩","KOSDAQ"
317320,"한화에스비아이스팩","KOSDAQ"
950180,"SNK","KOSDAQ"
319400,"엔에이치스팩14호","KOSDAQ"
319660,"피에스케이","KOSDAQ"
307930,"컴퍼니케이","KOSDAQ"
253840,"수젠텍","KOSDAQ"
3670,"포스코케미칼","KOSPI"
321260,"유진스팩4호","KOSDAQ"
322780,"DB금융스팩7호","KOSDAQ"
305090,"마이크로디지탈","KOSDAQ"
308100,"까스텔바쟉","KOSDAQ"
293780,"압타바이오","KOSDAQ"
323230,"신한제5호스팩","KOSDAQ"
323940,"케이비제18호스팩","KOSDAQ"
323280,"신영스팩5호","KOSDAQ"
312610,"에이에프더블류","KOSDAQ"
